acc_x, acc_y, angular_z, stamp, 
-0.003674149513244629, 0.012259364128112793, 9.75837959667857e-06, 1791402733211341345, 
0.026902377605438232, -0.004101872444152832, 9.875793136075879e-06, 1791402733243028203, 
0.010616958141326904, 0.010045409202575684, 1.0871573566612487e-05, 1791402733270442017, 
-0.02710515260696411, -0.009923398494720459, 1.0070802309062367e-05, 1791402733300035459, 
-0.0020400285720825195, -0.01010507345199585, 9.808309062081044e-06, 1791402733330041023, 
-0.0039231181144714355, 0.009683430194854736, 9.824028730210545e-06, 1791402733359998476, 
-0.03272676467895508, -0.008373141288757324, 9.723050554657902e-06, 1791402733389883694, 
0.015699326992034912, 0.01317828893661499, 9.738752486490206e-06, 1791402733420103177, 
-0.040171921253204346, 0.016654610633850098, 9.266588967760098e-06, 1791402733451058147, 
0.0030281543731689453, 0.02728283405303955, 8.931144466694946e-06, 1791402733483592974, 
-0.005917072296142578, 0.012770235538482666, 1.1433028455423717e-05, 1791402733509008278, 
0.013881444931030273, 0.01092296838760376, 9.496557849572922e-06, 1791402733539606183, 
-0.0022835135459899902, 0.009129881858825684, 8.70930701705709e-06, 1791402733561848557, 
-0.01134335994720459, -0.021437108516693115, 1.028039893221468e-05, 1791402733599534942, 
-0.018447935581207275, 0.0004000067710876465, 9.70743743828341e-06, 1791402733629468039, 
-0.0003744959831237793, -0.013851344585418701, 9.96106983246536e-06, 1791402733659387084, 
-0.01103365421295166, 0.006268799304962158, 9.543048825585512e-06, 1791402733691007097, 
0.03396046161651611, -0.022077202796936035, 1.005454404530442e-05, 1791402733722130054, 
-0.0019469857215881348, -0.008913934230804443, 1.1238070506075343e-05, 1791402733759256874, 
-0.005717337131500244, 0.018256723880767822, 1.059264530940849e-05, 1791402733789150218, 
0.014160633087158203, 0.005832076072692871, 1.0571850107657555e-05, 1791402733819102331, 
0.02298492193222046, -0.006601274013519287, 9.91960303496775e-06, 1791402733851023887, 
0.019280970096588135, 0.004285752773284912, 1.0340841810853976e-05, 1791402733881645129, 
0.004755735397338867, 0.00441586971282959, 1.1291767758283317e-05, 1791402733918925244, 
0.0028476715087890625, 0.009751200675964355, 1.0412893744643148e-05, 1791402733948976927, 
0.013455808162689209, -0.001218557357788086, 1.0150437367128138e-05, 1791402733979438655, 
-0.017277538776397705, 0.00041806697845458984, 9.317827634872856e-06, 1791402734011023146, 
0.00047516822814941406, -0.0069563984870910645, 1.0751387338979254e-05, 1791402734038049682, 
0.0056059956550598145, -0.0069124698638916016, 9.636867976854586e-06, 1791402734067815261, 
0.010916352272033691, -0.001446545124053955, 8.918193605799883e-06, 1791402734098726421, 
0.005559265613555908, 0.005879998207092285, 9.36983235974396e-06, 1791402734128545277, 
-0.008849918842315674, -0.037056028842926025, 9.700157421650177e-06, 1791402734158500962, 
-0.01764702796936035, -0.004399240016937256, 9.785109040497567e-06, 1791402734188577386, 
-0.008176088333129883, 0.0012965202331542969, 1.0175229973980497e-05, 1791402734218965068, 
0.0012868642807006836, 0.031862735748291016, 9.687895945468566e-06, 1791402734251650115, 
-0.0037720203399658203, -0.013343453407287598, 1.2211904742703344e-05, 1791402734288256245, 
-0.012603282928466797, 0.004455268383026123, 1.1201343244797162e-05, 1791402734318187808, 
0.001984119415283203, 0.01319652795791626, 1.1161952533002056e-05, 1791402734348225084, 
0.00927114486694336, 0.01480168104171753, 1.0799711750610656e-05, 1791402734379614934, 
0.003888070583343506, 0.021744370460510254, 1.068583619092838e-05, 1791402734410990756, 
-0.00678408145904541, -0.003676891326904297, 1.2237408613758275e-05, 1791402734438388664, 
0.027302682399749756, -0.0075095295906066895, 1.1080727999823326e-05, 1791402734467974266, 
0.002210557460784912, 0.022984564304351807, 1.074597130146721e-05, 1791402734498134906, 
0.025668442249298096, 0.013867557048797607, 1.1251806487459732e-05, 1791402734527932969, 
-0.008428514003753662, -0.007806956768035889, 1.0813265701402328e-05, 1791402734557906028, 
-0.012330353260040283, -0.000752568244934082, 1.0551435705013436e-05, 1791402734587916635, 
0.0001024007797241211, -0.015123486518859863, 1.0083012352015857e-05, 1791402734619321317, 
-0.0179440975189209, 0.006540179252624512, 9.885808306190675e-06, 1791402734650975510, 
-0.021565139293670654, 0.021012187004089355, 1.176756903970445e-05, 1791402734677884360, 
0.02154022455215454, 0.01738417148590088, 9.638883010002524e-06, 1791402734699527635, 
0.014194786548614502, 0.002866685390472412, 1.0051146099654014e-05, 1791402734730290336, 
0.006867647171020508, -0.0026068687438964844, 1.0785878547493224e-05, 1791402734757921247, 
0.0015360116958618164, 0.022386908531188965, 1.0007938264699231e-05, 1791402734787699953, 
-0.007500767707824707, -0.0028702616691589355, 9.93682851179897e-06, 1791402734817691778, 
0.008601129055023193, -0.006533801555633545, 1.0220645033503024e-05, 1791402734846850745, 
-0.0004999041557312012, -0.00659489631652832, 9.808567918812248e-06, 1791402734876854813, 
-0.016798079013824463, 0.005955815315246582, 9.674315353590513e-06, 1791402734906890078, 
0.0066051483154296875, 0.016617774963378906, 9.155758599982413e-06, 1791402734939033321, 
-0.005826711654663086, 0.005695819854736328, 9.64243352011239e-06, 1791402734969554309, 
-0.009315848350524902, -0.010499656200408936, 9.843033780074495e-06, 1791402735037645768, 
0.015749633312225342, -0.021240293979644775, 1.0025857367065442e-05, 1791402735067371214, 
-0.00042366981506347656, 0.009442269802093506, 9.274844449990966e-06, 1791402735099101954, 
-0.023723125457763672, 0.0077547430992126465, 1.0605100325636983e-05, 1791402735126852536, 
-0.007545948028564453, -0.008442282676696777, 1.0166450516297617e-05, 1791402735155800478, 
0.0048847198486328125, 0.009422242641448975, 9.535420769200635e-06, 1791402735186664079, 
0.008390426635742188, -0.02663266658782959, 9.835232168546071e-06, 1791402735216586780, 
-0.004177987575531006, -0.008641183376312256, 9.759803157465416e-06, 1791402735246740731, 
-0.009424984455108643, 0.009375929832458496, 9.827684617909915e-06, 1791402735276686447, 
-0.03997617959976196, -0.013992667198181152, 9.818228696569023e-06, 1791402735307040473, 
0.008704662322998047, -0.006715893745422363, 9.107139803961283e-06, 1791402735339764637, 
-0.005651950836181641, -0.013383805751800537, 1.1297438133750648e-05, 1791402735376366540, 
0.008662819862365723, 0.017321288585662842, 7.068546014639082e-06, 1791402735406406877, 
0.028456270694732666, -0.009497582912445068, -0.0006113853394664277, 1791402735436233208, 
0.7103404998779297, 0.05642813444137573, -0.019311647566190106, 1791402735467609033, 
-0.32243549823760986, -0.02037942409515381, -0.04553808990003735, 1791402735499071169, 
0.7149616479873657, 0.000186920166015625, -0.04157041488717938, 1791402735526197777, 
-0.6773090362548828, 0.12020254135131836, 0.002864116463534669, 1791402735556010271, 
-0.056596577167510986, -0.1396622657775879, -0.011557649575271597, 1791402735586004604, 
-0.3513033986091614, 0.08871835470199585, -0.015007665751891256, 1791402735616027270, 
0.6442016363143921, 0.1844344139099121, -0.00021248917396024877, 1791402735645023143, 
-0.4301685094833374, -0.151993989944458, 0.018842815944181968, 1791402735675960766, 
0.2047390341758728, -0.013979554176330566, 0.016328187780498864, 1791402735707465072, 
-0.20568758249282837, 0.14502793550491333, -0.0029451140523953172, 1791402735738266180, 
0.6689720749855042, -0.05614316463470459, 0.011235399803976245, 1791402735766547201, 
-0.07372856140136719, -0.07707911729812622, 0.0018193596229814217, 1791402735795560082, 
0.2652450203895569, -0.20037436485290527, -0.0027014985085905, 1791402735825477600, 
-0.16907453536987305, 0.2753201127052307, -0.04078151008516348, 1791402735855439031, 
0.059168100357055664, 0.02749800682067871, -0.024004417707707736, 1791402735885349811, 
-0.16857945919036865, -0.07488417625427246, -0.0232709707384001, 1791402735915933119, 
0.055645644664764404, -0.13117003440856934, -0.025194308888760775, 1791402735947360065, 
-0.1656641960144043, 0.08405077457427979, -0.018403761916185115, 1791402735977669541, 
0.055510878562927246, 0.30235350131988525, -0.010099110159307565, 1791402736015244329, 
-0.2115829586982727, 0.17315012216567993, 0.019232451740870345, 1791402736045309511, 
0.0753832459449768, 0.07009804248809814, 0.022193873092536284, 1791402736075666674, 
0.5560968518257141, -0.30012965202331543, 0.027688076099001136, 1791402736107672525, 
-0.0745500922203064, 0.12152206897735596, 0.0001692701842551478, 1791402736137573650, 
0.36714065074920654, 0.14913392066955566, 0.006549296653682556, 1791402736164916840, 
0.014954209327697754, 0.06620770692825317, -0.04989467253710447, 1791402736204773578, 
-0.08804643154144287, 0.0159568190574646, -0.068091742013946, 1791402736235732026, 
-0.09664642810821533, -0.04438161849975586, -0.04070397857119812, 1791402736267432532, 
-0.061646997928619385, 0.021250247955322266, -0.03457031193149597, 1791402736294630573, 
-0.1840178370475769, 0.0718342661857605, -0.019001638810139755, 1791402736324571347, 
0.0209883451461792, 0.0937458872795105, 0.0028183326801500836, 1791402736354503672, 
-0.09981942176818848, -0.15667319297790527, 0.02287581860964006, 1791402736384420306, 
0.12666821479797363, -0.06949126720428467, 0.023576882103631572, 1791402736414573620, 
-0.2237924337387085, 0.08109879493713379, 0.00909222008343988, 1791402736444296503, 
0.2081945538520813, 0.15479588508605957, 0.010565599270895395, 1791402736475367304, 
-0.08981555700302124, -0.1269180178642273, 0.028224486783965632, 1791402736507502652, 
0.01966947317123413, -0.19485867023468018, 0.028917838370634722, 1791402736534277907, 
-0.11770600080490112, 0.20714378356933594, 0.007954598581850754, 1791402736564277659, 
0.21149522066116333, 0.15857654809951782, 0.0067061706250159964, 1791402736594235994, 
0.008342206478118896, -0.13625210523605347, 0.016303122681300117, 1791402736624149592, 
0.03836184740066528, -0.16702526807785034, 0.007766891390893299, 1791402736654151656, 
0.0012844204902648926, 0.07365149259567261, -0.0014489343465023464, 1791402736683883402, 
0.08264952898025513, 0.15579724311828613, 0.002500723966460074, 1791402736715408084, 
-0.09894907474517822, -0.12379306554794312, 0.004161789970000917, 1791402736745818237, 
0.05722641944885254, -0.0734451413154602, -0.012419769793521232, 1791402736772803080, 
-0.0847846269607544, 0.02895224094390869, -0.005997295225433568, 1791402736803859837, 
0.06030011177062988, 0.08599346876144409, -0.001277629577772762, 1791402736833675316, 
-0.1394297480583191, -0.017174363136291504, -0.005518616656869149, 1791402736863630799, 
-0.044321537017822266, -0.000269472599029541, -0.017781293771680928, 1791402736893503082, 
0.08256584405899048, -0.025635838508605957, 0.008301262863083771, 1791402736923488127, 
-0.03602278232574463, 0.05959904193878174, 0.03235116768911203, 1791402736955470166, 
0.30899834632873535, -0.04975104331970215, 0.02398063236202134, 1791402736985771297, 
-0.06195932626724243, -0.15254032611846924, 0.005440678048629154, 1791402737013958206, 
0.040293097496032715, 0.12506061792373657, 0.012751831273326866, 1791402737043454096, 
-0.06075167655944824, 0.0705748200416565, -0.004651937952382159, 1791402737073251570, 
-0.10465145111083984, -0.07868123054504395, -0.008468898154601093, 1791402737103400140, 
0.0665518045425415, 0.009498298168182373, 0.011405652103934986, 1791402737133098647, 
-0.03638190031051636, 0.07667654752731323, -0.006209879438607698, 1791402737163153144, 
0.05772292613983154, -0.11317139863967896, -0.005965617153211991, 1791402737196140572, 
-0.07488477230072021, -0.038018226623535156, -2.1968884595297793e-05, 1791402737223273259, 
-0.10959607362747192, 0.09902572631835938, -0.012865351546331097, 1791402737253000789, 
0.12493646144866943, -0.11064422130584717, 0.0010565481881221054, 1791402737282951765, 
-0.010941505432128906, -0.04038798809051514, 0.0069290733438135185, 1791402737312776888, 
-0.158286452293396, 0.13926535844802856, -0.00531515626264826, 1791402737341802473, 
0.09744775295257568, -0.03649640083312988, 0.008239734464525856, 1791402737372698216, 
-0.05845057964324951, -0.11818176507949829, 0.009494000504081727, 1791402737403389393, 
-0.028807759284973145, 0.09713399410247803, -0.005996994770175542, 1791402737435367035, 
-0.09835392236709595, 0.008553266525268555, 0.0038760027706110445, 1791402737462601779, 
0.04041010141372681, -0.04256075620651245, -0.005168168700268321, 1791402737491521933, 
-0.15567469596862793, 0.14493930339813232, -0.009338095226889285, 1791402737515764748, 
0.1235550045967102, -0.09312880039215088, 0.006164350913478421, 1791402737542432785, 
0.03509998321533203, 0.009531676769256592, -0.0005355952976672868, 1791402737572312149, 
-0.05909144878387451, 0.0486680269241333, -0.01203666204798394, 1791402737602305007, 
-0.04577207565307617, -0.004480242729187012, 0.004794470205137156, 1791402737632163856, 
-0.07123535871505737, 0.029108762741088867, 0.0034555623442779184, 1791402737662780249, 
-0.2601845860481262, 0.010117948055267334, -0.01215449487919994, 1791402737692081654, 
-1.0928394794464111, 0.028515636920928955, 0.005269856217185388, 1791402737723190941, 
-0.18430054187774658, -0.14371025562286377, 0.038185665912157746, 1791402737755410686, 
-0.11668568849563599, 0.18117660284042358, -0.012343551265189984, 1791402737782072511, 
0.5460693836212158, -0.11883610486984253, -0.021234455007150366, 1791402737811886341, 
-0.04781019687652588, 0.021054387092590332, -0.02532695022275207, 1791402737841850721, 
0.32276594638824463, 0.07560563087463379, 0.007772732601279316, 1791402737871740155, 
-0.07910746335983276, -0.0443078875541687, 0.014139773682113192, 1791402737901745997, 
-0.13016486167907715, -0.015417039394378662, -0.00804019350420936, 1791402737930871986, 
1.7905263900756836, 0.1522054672241211, 0.002571280985489961, 1791402737963847301, 
0.23037731647491455, -0.10635322332382202, 0.05788559365112085, 1791402737993770092, 
0.4437221884727478, -0.10188990831375122, 0.026074468345385852, 1791402738031462637, 
0.08806967735290527, -0.12140226364135742, 0.03448917702230483, 1791402738061585903, 
-1.1016982793807983, -0.14883655309677124, 0.03625548423385028, 1791402738091996711, 
0.1610625982284546, 0.2676882743835449, -0.00024369545561322666, 1791402738123233165, 
-0.7141337990760803, -0.0036281943321228027, 0.00570058713462523, 1791402738151337325, 
0.054330527782440186, -0.0034020543098449707, -0.0103479362685338, 1791402738181231058, 
0.0673065185546875, -0.11574321985244751, -0.022703284666193528, 1791402738211129479, 
0.7710500955581665, -0.05118405818939209, -0.03344321719133065, 1791402738241125074, 
0.49228435754776, 0.05601423978805542, -0.01107332953813028, 1791402738271057666, 
0.011611521244049072, 0.11611199378967285, -0.00713298256958639, 1791402738300991702, 
-0.5148298144340515, -0.08574461936950684, 0.000182508794599325, 1791402738331359084, 
-0.07903850078582764, 0.042324602603912354, -0.003017129511004194, 1791402738363142269, 
-0.3571949005126953, -0.07331860065460205, -0.01052475161822929, 1791402738390949842, 
0.3891087770462036, -0.030069589614868164, 0.009892975771405873, 1791402738419813196, 
-0.07594817876815796, -0.07753419876098633, 0.022166760900881877, 1791402738450708400, 
0.5045596361160278, 0.1482371687889099, -0.000792011741905175, 1791402738479863853, 
-0.22851014137268066, 0.004326820373535156, 0.009212748536447378, 1791402738509802087, 
0.03660309314727783, 0.05649346113204956, 0.009638459773893627, 1791402738540544010, 
-0.03401839733123779, -0.028368473052978516, -0.0035630703958780107, 1791402738570271507, 
-0.17776691913604736, -0.15968239307403564, -0.002244565360674799, 1791402738603655601, 
0.08527988195419312, 0.06337660551071167, -0.005602673215892451, 1791402738630440954, 
-0.11095070838928223, -0.008989155292510986, 0.019237785563433626, 1791402738660458917, 
0.642863929271698, 0.05432528257369995, 0.018900098581960116, 1791402738690434856, 
0.09598630666732788, -0.06667762994766235, 0.0008575285950992523, 1791402738720230171, 
0.10819530487060547, -0.05809283256530762, 0.0036712158190413875, 1791402738750377979, 
-0.023654043674468994, 0.0011034011840820312, 0.01818869555028347, 1791402738780110514, 
-0.04783976078033447, 0.08573204278945923, 0.018961055665941404, 1791402738811155929, 
-0.14807432889938354, 0.031993865966796875, 0.014696909337589758, 1791402738843224334, 
0.05599665641784668, -0.09847819805145264, -0.013067495202057513, 1791402738870084323, 
-0.014566004276275635, -0.14428144693374634, -0.011755276169636935, 1791402738899941698, 
0.03670954704284668, -0.1975509524345398, 0.0018066790730095197, 1791402738924156806, 
0.01633751392364502, 0.16198956966400146, 0.0006534652672829457, 1791402738960023107, 
-0.015054941177368164, 0.10393476486206055, 0.0028304472859815707, 1791402738989774341, 
-0.0846678614616394, -0.08171254396438599, 0.0018073648289733367, 1791402739018801780, 
0.11337655782699585, -0.18774080276489258, -0.002600133078355748, 1791402739051742465, 
-0.22113680839538574, 0.1455478072166443, -0.013677844978228574, 1791402739082432385, 
-0.02403867244720459, 0.23228567838668823, -0.01791163566255104, 1791402739108863006, 
-0.03906607627868652, -0.08955717086791992, 0.0006846426140458878, 1791402739139467439, 
0.008332252502441406, -0.06348574161529541, 0.006669476788643551, 1791402739168795418, 
-0.0059937238693237305, -0.12141185998916626, -0.003312093797807011, 1791402739199439772, 
0.3156024217605591, 0.12701600790023804, -0.0250328003290048, 1791402739229387828, 
0.026665091514587402, 0.10684478282928467, -0.007795167989365672, 1791402739259415688, 
0.21591484546661377, -0.07605117559432983, 0.0064327459621246865, 1791402739291361921, 
-0.2012994885444641, -0.13313013315200806, 0.009703769850235432, 1791402739329364921, 
-0.23638933897018433, -0.010691165924072266, 0.008006439393212156, 1791402739359177509, 
0.3635503053665161, 0.1642172932624817, -0.0067690460227597124, 1791402739389300433, 
-0.4028246998786926, 0.07951414585113525, 0.00033658033929701486, 1791402739419464060, 
0.07024574279785156, -0.06345170736312866, 0.006507832618440443, 1791402739451237401, 
-0.09184461832046509, -0.07707160711288452, 0.00017468029895095777, 1791402739479210433, 
0.031882643699645996, 0.13510048389434814, -0.014352637146993747, 1791402739508892595, 
-0.3019599914550781, 0.0663486123085022, -0.004263037304485798, 1791402739538741152, 
0.16395115852355957, -0.04098469018936157, 0.0050530906102134844, 1791402739567874831, 
-0.32855159044265747, -0.1485668420791626, 0.014897153242741079, 1791402739598878631, 
0.12256783246994019, -0.01455986499786377, 0.001086448198612777, 1791402739627564519, 
-0.06537199020385742, 0.09425663948059082, 0.0048926348397743385, 1791402739659897234, 
0.0502467155456543, -0.006619751453399658, 0.011643644441469045, 1791402739690830044, 
-0.07284152507781982, -0.006630599498748779, -0.00021070783271165362, 1791402739718789548, 
-0.40378743410110474, -0.02156376838684082, -0.006131235445199253, 1791402739748366280, 
-2.1478612422943115, -0.08422523736953735, 0.0022573104473336113, 1791402739778304823, 
-0.4607783555984497, -0.0076972246170043945, -0.007276485932067521, 1791402739808382721, 
-0.4060412049293518, -0.08925586938858032, -0.00511474771389204, 1791402739838262005, 
1.9762299060821533, 0.12174719572067261, 0.01607670772368171, 1791402739868229144, 
1.158302903175354, 0.18138837814331055, 0.01937689046633067, 1791402739899279978, 
1.3943424224853516, -0.006488502025604248, 0.020605948242055677, 1791402739930296584, 
0.058642446994781494, -0.38418227434158325, 0.01439016034651689, 1791402739958334467, 
0.506829023361206, -0.01803487539291382, -0.0019344489289683628, 1791402739988339676, 
1.072087287902832, 0.11266714334487915, -0.01564519919514562, 1791402740011852764, 
-1.606874704360962, 0.3682372570037842, 0.00024366071110389133, 1791402740038316771, 
0.6437182426452637, -0.2665892243385315, -0.01579785057563522, 1791402740078138892, 
-0.7710820436477661, -0.07380020618438721, -0.009635982703845867, 1791402740107962235, 
0.023551464080810547, 0.23563849925994873, 0.02884151865056385, 1791402740139944496, 
-0.133558452129364, 0.08466970920562744, 0.005683296133201827, 1791402740169796626, 
0.1857650876045227, -0.3202909231185913, -0.02433009698176719, 1791402740198151235, 
0.12522190809249878, -0.04626506567001343, -0.013955067717076051, 1791402740227895464, 
0.2638673782348633, 0.509171187877655, -0.00814545064790146, 1791402740258005668, 
0.04900157451629639, -0.2802239656448364, -0.0039115348747890705, 1791402740287910281, 
-0.162470281124115, -0.03896892070770264, -0.011859757107723351, 1791402740317938616, 
-0.3483213186264038, 0.20032429695129395, 0.01959460211888164, 1791402740347983665, 
0.18758362531661987, -0.13750576972961426, 0.006746347692089381, 1791402740379255972, 
-0.4267047047615051, -0.33253014087677, -0.027844320966296972, 1791402740407252583, 
-0.38084983825683594, 0.09856855869293213, -0.01634265384186175, 1791402740436816290, 
0.8179591298103333, 0.3580871820449829, 0.010952186427137724, 1791402740467090261, 
-0.4775962829589844, -0.07326281070709229, 0.01665378503565795, 1791402740497090207, 
0.7483672499656677, -0.22114038467407227, 0.013969497134883394, 1791402740526974350, 
-0.19656699895858765, 0.10224497318267822, -0.005890669905423745, 1791402740556970685, 
0.1395779848098755, 0.125532329082489, -0.014748079925266595, 1791402740588345498, 
-0.0970417857170105, -0.2240331768989563, -0.020421264428372447, 1791402740619280387, 
-0.12149953842163086, 0.044420599937438965, -0.0013682930228032754, 1791402740647075410, 
0.17161720991134644, 0.18691223859786987, 0.00457955113339924, 1791402740676882989, 
0.12935101985931396, -0.016466617584228516, -0.01534185890626728, 1791402740705628755, 
-0.02168959379196167, -0.11465144157409668, -0.024798261105218926, 1791402740736680788, 
-1.5589654445648193, 0.15617716312408447, -0.003401699345245195, 1791402740766587373, 
0.16648894548416138, 0.1243014931678772, 0.015145252889687322, 1791402740796653111, 
0.20454847812652588, -0.10077178478240967, -0.0008131009543581736, 1791402740828165080, 
1.1421889066696167, -0.16595220565795898, 0.021248784769465578, 1791402740860328101, 
0.09861791133880615, 0.07107794284820557, 0.017025069419406826, 1791402740886416299, 
0.012422919273376465, 0.18579477071762085, -0.012206306882267138, 1791402740916562622, 
-0.20212918519973755, 0.17765522003173828, -0.010923031981911998, 1791402740946191423, 
-0.017338216304779053, -0.05123943090438843, -0.013280151484923574, 1791402740976175070, 
-0.3515419363975525, 0.16995149850845337, -0.004799184722625459, 1791402741006135161, 
0.5583938360214233, 0.06302839517593384, 0.014487432977535348, 1791402741036095308, 
-0.32767027616500854, -0.07431310415267944, 0.01504154753724423, 1791402741067521210, 
0.15914499759674072, -0.005884408950805664, 0.008439580655590782, 1791402741099462713, 
-0.10580319166183472, -0.08143258094787598, 0.013228481805566118, 1791402741136178036, 
-0.018309712409973145, -0.06281441450119019, 0.008721942751661252, 1791402741165107727, 
-0.6589134931564331, 0.2151697278022766, 0.0018899249624497326, 1791402741195777593, 
0.8944320678710938, -0.028573572635650635, -0.0003938129827632093, 1791402741228011018, 
-0.2776474952697754, -0.20136958360671997, -0.028466707331687838, 1791402741257806302, 
0.10911250114440918, 0.3453242778778076, -0.026524228916099266, 1791402741285672323, 
-0.12020254135131836, -0.00361555814743042, 0.006192072381807613, 1791402741315595343, 
-0.10946935415267944, -0.14474862813949585, -0.01011102078843578, 1791402741346005594, 
-0.06508815288543701, 0.08856916427612305, 0.0021171053291261224, 1791402741375474461, 
0.03803873062133789, 0.08696824312210083, 0.020400901387858217, 1791402741405387908, 
0.643504798412323, -0.16360795497894287, 0.007367792286850049, 1791402741435521976, 
-0.030447065830230713, -0.05305272340774536, -0.007337827887221792, 1791402741467524641, 
0.03804832696914673, 0.13425350189208984, 0.007369455135479043, 1791402741495436966, 
-0.03616088628768921, 0.07328110933303833, 0.0073068562766647315, 1791402741525125100, 
0.19091767072677612, -0.006923377513885498, -0.007967323966157515, 1791402741555250104, 
0.23706036806106567, -0.13425832986831665, -0.001290290830273743, 1791402741585103193, 
-0.273746132850647, 0.15877306461334229, -0.0010913157669344465, 1791402741614968414, 
-0.014190137386322021, 0.036390602588653564, -0.012236179450505206, 1791402741644960273, 
-0.1791743040084839, -0.20742136240005493, -0.01664073525762995, 1791402741676210274, 
0.25948846340179443, 0.17200982570648193, -0.010701644715892425, 1791402741707550244, 
-0.19831699132919312, 0.14010369777679443, -0.0019394903708727983, 1791402741734989577, 
-0.11788970232009888, -0.1486825942993164, -0.005702465098730273, 1791402741764682025, 
0.24736011028289795, -0.11884230375289917, 0.011256244934353688, 1791402741794653995, 
-0.1010127067565918, 0.13973861932754517, 0.022267527460703, 1791402741824648267, 
-0.025669991970062256, 0.028593122959136963, 0.005845019203557382, 1791402741854723006, 
0.6600534319877625, -0.2926163077354431, 0.005232108329412433, 1791402741884697000, 
-0.45363718271255493, 0.09824389219284058, 0.008407148358590511, 1791402741915483937, 
0.20393937826156616, 0.04020971059799194, 0.009763796432074845, 1791402741947475228, 
-0.2827901244163513, -0.1169314980506897, -0.010016954121468236, 1791402741974457903, 
0.32002967596054077, 0.06660902500152588, -0.008924568123048031, 1791402742004275537, 
0.057263731956481934, -0.11182022094726562, 0.0028294276606008213, 1791402742034316763, 
0.31617164611816406, -0.005736112594604492, 0.01113121202102534, 1791402742064181862, 
-0.051347434520721436, 0.18875569105148315, 0.003712225283937346, 1791402742094154350, 
-0.33081501722335815, -0.12898391485214233, -0.013661957562242108, 1791402742124046305, 
0.10776758193969727, 0.07010811567306519, 0.004446744489359554, 1791402742156066681, 
-0.004692137241363525, -0.04283398389816284, -0.009998417780040809, 1791402742187372999, 
0.10430043935775757, -0.0416414737701416, -0.005593677124428271, 1791402742214012218, 
-0.06046009063720703, 0.10814845561981201, 0.004793235237547213, 1791402742243922441, 
-0.20835715532302856, -0.13018321990966797, -0.015579022024349581, 1791402742273855721, 
0.2968207597732544, -0.02232801914215088, -0.005915644222987836, 1791402742303759238, 
-0.12368988990783691, 0.24684661626815796, 0.005297540153713497, 1791402742332752603, 
-0.28417086601257324, -0.17366260290145874, 0.01080256186407698, 1791402742363672753, 
0.5249307155609131, 0.10545313358306885, -0.0015533960289177105, 1791402742395704346, 
-0.18186771869659424, 0.014110147953033447, -0.016335982426500785, 1791402742426085749, 
0.30247437953948975, 0.005048155784606934, -0.012179515570482616, 1791402742453679445, 
0.3067847490310669, 0.004238724708557129, -0.0035700323678811564, 1791402742483668402, 
-0.3332371711730957, 0.06209975481033325, -0.03203166367220809, 1791402742513613367, 
0.16106557846069336, 0.04078471660614014, -0.02866479228729287, 1791402742543473356, 
-0.6146066188812256, -0.055262625217437744, 0.007583268547156346, 1791402742573400675, 
0.14969682693481445, 0.13769173622131348, 0.030065470952199403, 1791402742603704640, 
0.1421179175376892, 0.08300358057022095, 0.0027724091508807805, 1791402742636071913, 
0.09489518404006958, -0.15593600273132324, -0.013675327276572143, 1791402742663654131, 
-0.29567408561706543, -0.006866097450256348, -0.006662912472855956, 1791402742693258772, 
-0.06667166948318481, -3.6597251892089844e-05, 0.0021235109539549835, 1791402742723118055, 
0.20225638151168823, 0.008440077304840088, 0.0045719550074697, 1791402742753106324, 
-0.2073032259941101, 0.0792236328125, -0.0019528717453375813, 1791402742783097807, 
-0.26275384426116943, -0.06503444910049438, 0.01082565480482734, 1791402742812898687, 
0.22436034679412842, 0.0719534158706665, 0.03256251603939041, 1791402742843483030, 
-0.31171566247940063, -0.0019011497497558594, 0.009752086995153173, 1791402742875593553, 
-0.09128844738006592, 0.021475672721862793, -0.012610842018065166, 1791402742902931852, 
0.0418316125869751, -0.10204052925109863, -0.001279621580588342, 1791402742942745228, 
-0.8502820730209351, 0.002415597438812256, -0.014119747521700338, 1791402742973177368, 
0.7446915507316589, 0.07022172212600708, -0.005116274082311519, 1791402743003466669, 
-0.48489367961883545, -0.04167795181274414, 0.0052295568678245126, 1791402743036020740, 
0.28309011459350586, -0.03471571207046509, 0.00637346094610197, 1791402743072935546, 
-0.5657063722610474, 0.00631791353225708, 0.011315438886999596, 1791402743103442271, 
-0.01756453514099121, -0.0643264651298523, 0.011281524446888392, 1791402743132965500, 
-0.7503206729888916, -0.026252686977386475, 0.016144793597541604, 1791402743163461682, 
-1.1701991558074951, -0.02052628993988037, 0.014977861504088051, 1791402743194902498, 
-2.0943875312805176, 0.008567571640014648, -0.019695967631229695, 1791402743222148362, 
-0.039041996002197266, -0.08192211389541626, -0.013843467230778648, 1791402743252061778, 
-0.6160504817962646, 0.06860941648483276, -0.003196056471579381, 1791402743282079003, 
0.15883564949035645, 0.04159611463546753, 0.006716082842984843, 1791402743312003588, 
0.04032772779464722, -0.03756070137023926, 0.00264129250147086, 1791402743341978434, 
0.16920477151870728, -0.0373382568359375, -0.004270184467818793, 1791402743372015987, 
-0.04770815372467041, 0.00956505537033081, -1.8502423205562808e-05, 1791402743403951826, 
0.06443113088607788, 0.03971564769744873, 0.0036035939686657396, 1791402743434651179, 
-0.018708646297454834, -0.006742119789123535, -0.0029676156996883813, 1791402743461699222, 
-0.036805808544158936, -0.02103281021118164, -0.0017915448305552933, 1791402743491671358, 
-0.04374188184738159, -0.0157434344291687, 0.000770605775161943, 1791402743513981313, 
-0.005743861198425293, 0.03935718536376953, 0.0028340744783518354, 1791402743541773285, 
0.027218759059906006, 0.01570993661880493, -0.0007319370820322307, 1791402743571732983, 
-0.029040992259979248, -0.027054429054260254, -0.001844501678063722, 1791402743600805628, 
-0.014656126499176025, -0.016333580017089844, 0.0013597646232520917, 1791402743631555565, 
-0.07049494981765747, 0.008580803871154785, 0.001037507438811118, 1791402743661515503, 
-0.04225873947143555, -0.00032466650009155273, -0.00037159057644536495, 1791402743691771172, 
0.009827256202697754, 0.014178752899169922, -1.973299160388606e-05, 1791402743723865162, 
-0.054766714572906494, 0.003481566905975342, -0.0010660434775589687, 1791402743761221408, 
-0.05295592546463013, -0.01978123188018799, -0.00037612384899251287, 1791402743791212025, 
-0.0006589293479919434, -0.003925204277038574, 0.0012162603230630954, 1791402743821109215, 
0.04371887445449829, -0.021636247634887695, 0.0008328152338152164, 1791402743852296714, 
2.5040132999420166, 0.04339796304702759, -0.010720063788950464, 1791402743883501449, 
1.3577498197555542, -0.219646155834198, -0.007520822438620388, 1791402743911404580, 
0.8611042499542236, -0.1720271110534668, -0.0017584966781015834, 1791402743940858041, 
1.0943338871002197, 0.14211398363113403, -0.007033171765587021, 1791402743962490562, 
1.1923906803131104, 0.08089804649353027, -0.0030467481460644454, 1791402744000727736, 
-0.1419684886932373, -0.5987346768379211, -0.002036747247271034, 1791402744030626668, 
-0.5471636652946472, 0.16527605056762695, -0.018466620093566585, 1791402744060581715, 
0.15353840589523315, 0.33774757385253906, -0.021173035130862532, 1791402744091517654, 
-0.7886035442352295, -0.1395995020866394, -0.01246566011532198, 1791402744123478778, 
-0.23398596048355103, -0.23847883939743042, -0.0022074445325062134, 1791402744150488754, 
-0.34803247451782227, 0.1906360387802124, -0.014840582184666051, 1791402744180585378, 
0.15306836366653442, 0.007680118083953857, -0.012368202837454972, 1791402744210309547, 
0.12031221389770508, -0.06913357973098755, 0.020966170069029014, 1791402744240345392, 
-0.22053003311157227, 0.3214103579521179, 0.0133214142663676, 1791402744270187391, 
0.6008332371711731, -0.15507632493972778, 0.020444586217169245, 1791402744300233410, 
-0.4194720983505249, -0.05511903762817383, -0.010333566514158801, 1791402744331539985, 
0.4902665615081787, 0.018263280391693115, 0.0011235591297861685, 1791402744363569095, 
-0.32332485914230347, 0.02845025062561035, 0.00011153433713831795, 1791402744400006971, 
0.4228287935256958, 0.0900375247001648, -0.009272984964941784, 1791402744429981859, 
-0.29761946201324463, -0.1592615246772766, 0.010278105461965292, 1791402744459851226, 
0.09935873746871948, 0.29653286933898926, -0.007678747788961261, 1791402744490968427, 
0.01061922311782837, -0.08677166700363159, -0.007478923738423968, 1791402744522255212, 
-0.27942895889282227, 0.09566885232925415, -0.01802491413877901, 1791402744559700419, 
-0.2258591651916504, 0.00697171688079834, -0.010482820748305071, 1791402744589648284, 
-0.914145827293396, 0.005125522613525391, 0.007529564690051767, 1791402744619932924, 
0.889424204826355, 0.1961376667022705, 0.02718306864206189, 1791402744651490722, 
-0.03088068962097168, -0.04339069128036499, 0.017918364319301966, 1791402744682012824, 
-0.26113253831863403, -0.06357276439666748, -0.023064591911022544, 1791402744709427906, 
0.2047005295753479, 0.02202761173248291, -0.004968643831721906, 1791402744739452718, 
-0.1820162534713745, 0.016961276531219482, 0.003888490298046728, 1791402744769271100, 
-0.07788693904876709, 0.03902214765548706, -0.005694819176228808, 1791402744799405036, 
-0.10474228858947754, -0.11837059259414673, 0.008789496635672307, 1791402744829348500, 
0.14551252126693726, 0.07845735549926758, 0.018167266795377304, 1791402744859679728, 
0.07478445768356323, 0.06744056940078735, 0.01093676135400913, 1791402744891701527, 
-0.28696006536483765, -0.06358176469802856, -0.0067576466797515935, 1791402744919128515, 
0.10713440179824829, -0.07116925716400146, 0.0034850795277507674, 1791402744949142053, 
0.09587347507476807, 0.1493009328842163, 0.01323700407016845, 1791402744978926856, 
-0.3723965287208557, -0.10247290134429932, 0.008426798621499929, 1791402745009017230, 
-0.7281612157821655, 0.0007789134979248047, 0.001453537387543541, 1791402745037959449, 
0.3157397508621216, 0.09492051601409912, -0.0024447732453833065, 1791402745068870423, 
-0.054238080978393555, -0.025845885276794434, 0.01659718430031692, 1791402745099564009, 
-0.24609661102294922, -0.05403852462768555, 0.0021224070678485273, 1791402745131968210, 
-0.1386592984199524, 0.02873551845550537, -0.006150985292959158, 1791402745158686326, 
0.09875202178955078, -0.0047994256019592285, -0.00873273198113395, 1791402745188545053, 
-0.16207599639892578, -0.1894015073776245, -0.006196107456734429, 1791402745218727191, 
0.15967845916748047, 0.11648672819137573, 0.006250515808108656, 1791402745248406921, 
0.43178391456604004, -0.06957346200942993, 0.01667360456530162, 1791402745308421545, 
-0.551144003868103, 0.01605170965194702, 0.012598696745397648, 1791402745339595413, 
0.3694153428077698, 0.08977705240249634, 0.0007975092600466866, 1791402745372112638, 
-0.6568907499313354, -0.21138501167297363, -0.0022360191429043387, 1791402745398453979, 
0.5381941795349121, 0.04544001817703247, -0.0016353780761430019, 1791402745428491963, 
-0.11424899101257324, -0.08876383304595947, -0.012272479678853443, 1791402745458307513, 
0.9396224617958069, 0.0834813117980957, -0.027665564523552285, 1791402745488251517, 
-0.4410281777381897, -0.015352845191955566, -0.005792846259636047, 1791402745518361133, 
-0.3554338216781616, 0.1118822693824768, -0.015197643821995692, 1791402745548385766, 
-0.017440378665924072, -0.02120983600616455, 0.0028071500457193255, 1791402745579956584, 
-0.2588452696800232, -0.33032405376434326, 0.02791814384414305, 1791402745610286618, 
0.47187358140945435, 0.2972615957260132, 0.012336278715145185, 1791402745638278338, 
0.05666470527648926, -0.09758323431015015, -0.004039205734351507, 1791402745668567747, 
0.07609415054321289, 0.1446431279182434, -0.015816605123458536, 1791402745708281135, 
0.04857826232910156, 0.0061844587326049805, -0.010911683955527432, 1791402745739848450, 
-0.13681763410568237, -0.21121811866760254, 0.008052444510923046, 1791402745769942862, 
0.19784319400787354, -0.056376874446868896, -0.014171946251828396, 1791402745808219477, 
0.1390555500984192, 0.17129582166671753, -0.018959725186472137, 1791402745838146256, 
-0.7089819312095642, -0.10372054576873779, 0.0014531355329972522, 1791402745867578287, 
-0.7136366963386536, 0.14258885383605957, -0.0006442571989431964, 1791402745900027518, 
0.001490950584411621, -0.22732073068618774, 0.006527357233982712, 1791402745927473046, 
-0.22513431310653687, -0.10901600122451782, 0.012794431911298879, 1791402745957277713, 
0.3008531332015991, 0.18113034963607788, -0.010630905163526966, 1791402745987255101, 
-0.02923053503036499, -0.06722480058670044, -0.000901101649377292, 1791402746017110896, 
0.23432070016860962, 0.06466501951217651, 0.006374194761341989, 1791402746047034468, 
-0.18887591361999512, -0.013001978397369385, 0.028672324586824827, 1791402746076990704, 
-0.29335498809814453, -0.020805418491363525, 0.028365486820647122, 1791402746105799310, 
0.46470558643341064, -0.02819424867630005, 0.012654303307442332, 1791402746139638995, 
-0.9053581953048706, -0.02508556842803955, 0.013976315656850601, 1791402746165831122, 
1.1477327346801758, -0.03170132637023926, -0.007087977910767195, 1791402746196730767, 
-0.7315942049026489, 0.12333106994628906, -0.014788507378299662, 1791402746226762156, 
0.5413628220558167, 0.034664809703826904, -0.007483739901257378, 1791402746256695224, 
0.037421226501464844, -0.13659322261810303, 0.018995858044033684, 1791402746286567370, 
0.2158747911453247, 0.18958556652069092, 0.015026269223891928, 1791402746316544431, 
0.1898365616798401, -0.11192679405212402, -0.005588380545497032, 1791402746348110375, 
-0.31233108043670654, 0.02399200201034546, -0.005109894102733379, 1791402746380154869, 
-0.4722154140472412, 0.08609175682067871, -0.013286506714817419, 1791402746406486310, 
-0.40031588077545166, -0.10853248834609985, -0.0121796018792124, 1791402746427744218, 
0.13839852809906006, 0.12358909845352173, -0.0036500898040612672, 1791402746459762705, 
0.3659420609474182, -0.012917757034301758, -0.0035687431964764875, 1791402746486440438, 
0.3037691116333008, -0.09115034341812134, 0.005184067742247256, 1791402746516139125, 
-0.16430801153182983, 0.012830913066864014, -0.002999461084489985, 1791402746546108840, 
-0.4446832537651062, -0.14026540517807007, -0.0009143763103231999, 1791402746576199655, 
0.8109933137893677, 0.27456432580947876, 0.012779163325805991, 1791402746606006493, 
-0.27332502603530884, -0.2532607913017273, 0.016431150583715057, 1791402746636252930, 
0.19275254011154175, 0.1657925844192505, 0.004810954242546446, 1791402746668282850, 
0.3213743567466736, 0.06261098384857178, 0.004348484370309808, 1791402746698576623, 
-0.0900263786315918, -0.061502039432525635, -0.005567550531866061, 1791402746725991942, 
-0.22828525304794312, 0.002839028835296631, -0.00977000820401236, 1791402746748091296, 
-0.3950241804122925, -0.2901954650878906, 0.00661343952599607, 1791402746778350579, 
0.3396267890930176, 0.13761687278747559, 0.010440162595292169, 1791402746804848284, 
-0.021537423133850098, 0.12823504209518433, -0.027193754274451688, 1791402746835640676, 
0.4924464821815491, -0.16606712341308594, -0.0033883654194116573, 1791402746865551886, 
-0.8570030331611633, -0.03531831502914429, 0.007022480228008851, 1791402746885568726, 
-0.11654609441757202, -0.023196935653686523, 0.010672812592800321, 1791402746925427483, 
-0.07377082109451294, -0.05272996425628662, 0.017741500338451555, 1791402746955629176, 
0.6697997450828552, -0.00609201192855835, -0.0027966014782299055, 1791402746988082045, 
-0.42278748750686646, 0.12044161558151245, -0.022174687043019267, 1791402747015316719, 
0.5576334595680237, 0.02004486322402954, -0.009359075075350273, 1791402747045428484, 
0.45252013206481934, -0.08811497688293457, 0.006708433512798013, 1791402747075341746, 
-0.3386593461036682, 0.20931583642959595, 0.015198139851707754, 1791402747105383618, 
0.3774999976158142, -0.10302633047103882, 0.01908006553562294, 1791402747135089091, 
-0.3739178776741028, -0.129957914352417, 0.009546770767605184, 1791402747165170285, 
-0.11543011665344238, 0.26781564950942993, 0.003034596788007817, 1791402747195170402, 
-0.48124200105667114, -0.11938154697418213, -0.0006428948898946599, 1791402747227709945, 
0.3002760410308838, -0.16939479112625122, 0.003285865815298433, 1791402747254949652, 
-0.25310081243515015, 0.16863614320755005, 0.007304742782091611, 1791402747284765359, 
0.18984395265579224, -0.06505411863327026, 0.003703464106342567, 1791402747314722479, 
-0.44032108783721924, -0.003952503204345703, 0.006062893442151418, 1791402747344657574, 
-0.07055127620697021, 0.04461747407913208, -0.004458115395563977, 1791402747374604673, 
-0.1809362769126892, -0.19047290086746216, -0.00818052984252716, 1791402747404587397, 
-0.11932426691055298, 0.01948857307434082, -0.014195514091991828, 1791402747436300386, 
0.16594034433364868, 0.010343611240386963, -0.00940798077141325, 1791402747467901704, 
-0.32006168365478516, 0.14197969436645508, -0.008011355380870454, 1791402747504420701, 
-0.041953206062316895, -0.27738839387893677, 0.00385874234316858, 1791402747534303542, 
-0.6812995672225952, -0.04893612861633301, 0.018414975015832794, 1791402747564480726, 
0.37629568576812744, 0.3939521312713623, 0.0021993360523293033, 1791402747595929448, 
-0.5224032402038574, -0.41029810905456543, -0.01029478577714555, 1791402747627467733, 
-0.15165364742279053, 0.2974010705947876, 0.005802758116831736, 1791402747654239804, 
-0.04414898157119751, 0.06881117820739746, 0.006916967869384438, 1791402747684049504, 
0.020353198051452637, -0.1262357234954834, 0.02933647987017237, 1791402747714016955, 
-0.11055797338485718, 0.06325274705886841, 0.02035867189100507, 1791402747742940819, 
0.07389158010482788, 0.06185269355773926, -0.0027314669319926112, 1791402747773888304, 
-0.04880118370056152, -0.08409905433654785, -0.01254508495380802, 1791402747803958062, 
-0.5923125147819519, -0.1406455636024475, -0.006582976626114026, 1791402747836361877, 
0.5412159562110901, 0.09636855125427246, 0.022405367341989155, 1791402747866611288, 
-0.2460421919822693, 0.22323042154312134, 0.00023080719617463462, 1791402747893743853, 
0.4819290041923523, 0.056249916553497314, -0.0063894340320004, 1791402747923648458, 
0.07388609647750854, -0.17816877365112305, 0.0021273303009981485, 1791402747953559243, 
0.0037093162536621094, -0.031794846057891846, 0.0024300280302782975, 1791402747983560868, 
0.1258305311203003, 0.2780463695526123, -0.0039013655215274397, 1791402748013539947, 
0.6401405334472656, -0.1025158166885376, -0.00692249295849731, 1791402748043712439, 
-0.024262726306915283, -0.17421263456344604, -0.00015170000851285804, 1791402748076332301, 
-0.19258737564086914, 0.3630070090293884, -0.004870326784863176, 1791402748103391439, 
0.22761040925979614, -0.011085271835327148, 0.009157478734176857, 1791402748133482219, 
-0.1503111720085144, -0.1993645429611206, 0.023758476255450134, 1791402748163406820, 
0.585319459438324, 0.13960689306259155, 0.018080390999665918, 1791402748193285293, 
0.10881710052490234, 0.20135211944580078, 0.015486118149203728, 1791402748223132857, 
0.08998674154281616, -0.3561147451400757, 0.008681786959513623, 1791402748253013201, 
0.10470163822174072, 0.03880751132965088, 0.00767762509432929, 1791402748283942256, 
-0.39433127641677856, 0.3451719284057617, -0.0029384546734290986, 1791402748316180007, 
-0.14405566453933716, -0.29132676124572754, -0.029555422734964115, 1791402748342959469, 
-0.1521936058998108, -0.21349185705184937, -0.037129826221435874, 1791402748371803041, 
-0.28988194465637207, 0.05896812677383423, -0.02506773048285141, 1791402748395808477, 
0.057052791118621826, -0.3300296664237976, -0.00838075472924948, 1791402748423288131, 
0.015252113342285156, 0.009833335876464844, 0.04577373898031813, 1791402748453287913, 
0.10881280899047852, 0.4905795454978943, 0.010073955266738663, 1791402748483281638, 
-0.06315505504608154, -0.44228094816207886, -0.0058775740760217375, 1791402748513236490, 
-0.8815056681632996, -0.21976333856582642, -0.009144109912531787, 1791402748543437077, 
-0.5273457765579224, 0.08486735820770264, 0.006528747161982382, 1791402748572485873, 
0.8409759998321533, 0.199415385723114, 0.010887401793887686, 1791402748603666401, 
-0.041486501693725586, -0.10315060615539551, 0.0031644055430678224, 1791402748635434440, 
0.34390008449554443, -0.2899836301803589, 0.031382264401883804, 1791402748672339218, 
-0.6182825565338135, 0.031455278396606445, 0.016246850314809887, 1791402748702273551, 
0.3339148759841919, 0.09122788906097412, 0.019012508053387608, 1791402748732557895, 
-0.014526963233947754, -0.06604224443435669, -0.02594790491213464, 1791402748764260313, 
-0.12795090675354004, 0.021736562252044678, -0.02310713401660705, 1791402748794631530, 
-0.8107860088348389, 0.07124441862106323, 0.027356055501730713, 1791402748821003262, 
-0.1695791482925415, -0.1382794976234436, 0.01788385156305258, 1791402748843916162, 
-0.40164363384246826, 0.30897051095962524, 0.0024550381906854836, 1791402748871997208, 
0.42291516065597534, 0.13408362865447998, -0.028965774503264076, 1791402748901872198, 
-0.34096992015838623, -0.33741921186447144, -0.018126860759830266, 1791402748930794560, 
0.5159546732902527, 0.050205767154693604, 0.0015219524910735332, 1791402748961844237, 
-0.3091186285018921, 0.13946902751922607, 0.013825648774930312, 1791402748991782053, 
0.012951552867889404, 0.10696148872375488, 0.01090215081367106, 1791402749021935129, 
0.5262260437011719, -0.20357060432434082, 0.009878200739397816, 1791402749051987968, 
-0.13830071687698364, -0.04857391119003296, 0.0014771361765725669, 1791402749084115019, 
-0.31370121240615845, 0.29868417978286743, 0.01137854605685325, 1791402749111551419, 
0.42505067586898804, 0.4990118145942688, 0.005629807194618594, 1791402749141691295, 
0.17328482866287231, -0.10859531164169312, -0.009905977997002024, 1791402749171724370, 
-0.040376245975494385, -0.2924453616142273, -0.005186445619783853, 1791402749201409943, 
-0.29290908575057983, -0.017678916454315186, -0.0010732333760028162, 1791402749231476035, 
-0.04910498857498169, 0.11778455972671509, 0.00257727234965784, 1791402749261385276, 
-0.24914610385894775, 0.10385739803314209, -0.008134895658679584, 1791402749292026840, 
0.6525970101356506, -0.2457219958305359, -0.025545604127773812, 1791402749322804416, 
-0.2904127240180969, -0.4711213707923889, -0.009460982278328181, 1791402749361072967, 
0.6907442808151245, 0.3084067106246948, 0.012997287345109755, 1791402749391144860, 
-0.8026657104492188, 0.1767125129699707, -0.004830398253693324, 1791402749420905119, 
0.015460371971130371, -0.10088664293289185, -0.004323758062002679, 1791402749451681685, 
0.6219782829284668, 0.041817426681518555, 0.0161548475889875, 1791402749482814747, 
-0.11775493621826172, -0.36729657649993896, 0.03521488256558841, 1791402749510924045, 
-0.1324005126953125, 0.2729373574256897, 0.02314610337021595, 1791402749540714030, 
0.27473634481430054, -0.1671040654182434, -0.0029003203179616245, 1791402749563981094, 
-0.10072493553161621, -0.3455631732940674, -0.01610402585779533, 1791402749600631118, 
-0.08380991220474243, -0.06285065412521362, 0.006553710219310299, 1791402749630564843, 
0.22133994102478027, 0.5518702864646912, 0.008172927547863128, 1791402749660497830, 
0.07842731475830078, -0.10808181762695312, 0.0004949995677693336, 1791402749691900670, 
0.1039431095123291, -0.3329576849937439, -0.0015307627771652755, 1791402749722853709, 
0.4147939682006836, -0.3355449438095093, 0.000793143387529093, 1791402749760369672, 
0.14174562692642212, 0.06251150369644165, 0.004076643037297988, 1791402749790272896, 
0.33352094888687134, 0.24723345041275024, -0.0028492700260043884, 1791402749820245098, 
-0.1553257703781128, 0.16977256536483765, 0.010133217429814517, 1791402749851830038, 
-0.3891271948814392, -0.2143447995185852, 0.0022273078369007965, 1791402749882963886, 
0.10865867137908936, -0.2532474994659424, 0.0005400297656373943, 1791402749910342442, 
